title,company,location,experience,skills,education,role_level,score,posting_date,source,apply_link
Python Developer,Your Digital Lift,"Thane,Navi Mumbai,Mumbai",minimum 1 years,"python, java, excel, machine learning, html, css, django, rest api",master,intern,80,Unknown,Internshala,https://internshala.com/job/detail/python-developer-job-in-multiple-locations-at-your-digital-lift1772188840
Senior Python Developer,Primetrade.ai,Work from home,minimum 1 years,"python, java, excel, machine learning, aws, gcp, azure, github, communication",master,intern,75,Unknown,Internshala,https://internshala.com/job/detail/remote-senior-python-developer-job-at-primetradeai1772423299
Python Developer,Voicedots Infotech,Work from home,minimum 1 years,"python, java, excel, machine learning",master,intern,75,Unknown,Internshala,https://internshala.com/job/detail/remote-python-developer-job-at-voicedots-infotech1771055388
Senior Python Developer,Shivankit TechSolutions OPC Private Limited,Work from home,minimum 1 years,"python, java, excel, machine learning, flask, fastapi, rest api",master,intern,75,Unknown,Internshala,https://internshala.com/job/detail/remote-senior-python-developer-job-at-shivankit-techsolutions-opc-private-limited1770702479
Python Developer,Zorvyn,mumbai,Not specified,"python, java, excel, machine learning, git, github, react, communication",master,intern,70,Unknown,Internshala,https://internshala.com/internship/detail/work-from-home-python-developer-internship-at-zorvyn1770266303
Python ETL Developer,Acies,Mumbai,minimum 1 years,"python, java, sql, excel, machine learning, etl",master,intern,65,Unknown,Internshala,https://internshala.com/job/detail/python-etl-developer-job-in-mumbai-at-acies1771230273
Python Developer,AIVOA,Work from home,Not specified,"python, java, sql, postgresql, excel, machine learning, git, github, react, fastapi, agile",master,intern,65,Unknown,Internshala,https://internshala.com/job/detail/fresher-remote-python-developer-job-at-aivoa1768380187
Python Developer,Stage X,Bhopal,minimum 1 years,"python, java, excel, machine learning, html, css, django, flask, rest api, communication",master,intern,65,Unknown,Internshala,https://internshala.com/job/detail/python-developer-job-in-bhopal-at-stage-x1771931229
Python Developer,Jagatmitra Foundation,Delhi,minimum 1 years,"python, java, excel, machine learning, html, css, flask, rest api, communication",master,intern,65,Unknown,Internshala,https://internshala.com/job/detail/python-developer-job-in-delhi-at-jagatmitra-foundation1770827044
Junior Python Developer,Trivora Systems,Work from home,Not specified,"python, java, excel, machine learning, html, css, django, rest api",master,intern,65,Unknown,Internshala,https://internshala.com/job/detail/fresher-remote-junior-python-developer-job-at-trivora-systems1771062852
Python Developer,Trivora Systems,Work from home,Not specified,"python, java, excel, machine learning, html, css, django",master,intern,65,Unknown,Internshala,https://internshala.com/job/detail/fresher-remote-python-developer-job-at-trivora-systems1772104907
Junior Python Developer,Zulitech Solution,Work from home,Not specified,"python, java, excel, machine learning, html, css",master,intern,65,Unknown,Internshala,https://internshala.com/job/detail/fresher-remote-junior-python-developer-job-at-zulitech-solution1772186216
Senior Laravel Developer,FynTune Solution Private Limited,"Thane,Navi Mumbai,Mumbai,Turbhe",1 to 5 years,"python, java, php, mysql, excel, machine learning, git, github",master,intern,65,Unknown,Internshala,https://internshala.com/job/detail/senior-laravel-developer-job-in-multiple-locations-at-fyntune-solution-private-limited1771487831
Python Development,Bilateral Solutions Private Limited,mumbai,Not specified,"python, java, sql, mysql, mongodb, excel, machine learning, natural language processing, nlp, django, rest api",master,intern,55,Unknown,Internshala,https://internshala.com/internship/detail/python-development-internship-in-multiple-locations-at-bilateral-solutions-private-limited1771314902
Python Development,Globik AI Private Limited,mumbai,Not specified,"python, java, sql, mongodb, excel, machine learning, gcp, react, flask, rest api",master,intern,55,Unknown,Internshala,https://internshala.com/internship/detail/python-development-internship-in-vijayawada-at-globik-ai-private-limited1772440398
Python Development,Online Savaari Private Limited,mumbai,Not specified,"python, java, excel, machine learning, git, github, django, rest api, agile",master,intern,55,Unknown,Internshala,https://internshala.com/internship/detail/work-from-home-python-development-internship-at-online-savaari-private-limited1770956958
Junior Python Developer,Time Line Investments,"Bangalore,Anantapur,Chennai,Delhi,Mysuru,Hyderabad,Tumakuru,Udupi,Gokarna,Andra",Not specified,"python, java, sql, excel, pandas, numpy, matplotlib, machine learning, git, github, django, flask, rest api, snowflake",master,intern,55,Unknown,Internshala,https://internshala.com/job/detail/fresher-junior-python-developer-job-in-multiple-locations-at-time-line-investments1768375589
Associate Python Developer,Megaminds IT Services,Hyderabad,Not specified,"python, java, excel, tableau, machine learning, deep learning, natural language processing, nlp, computer vision, git, github, rest api, communication",master,intern,55,Unknown,Internshala,https://internshala.com/job/detail/fresher-associate-python-developer-job-in-hyderabad-at-megaminds-it-services1772035524
Python Developer,NetSutra,"Agra,Dehradun,Delhi,Ghaziabad,Meerut,Jaipur,Noida,Uttar Pradesh",20+ years,"python, java, mysql, excel, machine learning, django",master,intern,35,Unknown,Internshala,https://internshala.com/job/detail/python-developer-job-in-multiple-locations-at-netsutra1770632854
Python Developer,Atyeti Inc,Nanakramguda,2+ years,"python, java, sql, excel, machine learning, aws, docker, linux, git, github, react, vue, communication",master,intern,35,Unknown,Internshala,https://internshala.com/job/detail/python-developer-job-in-nanakramguda-at-atyeti-inc1771634370
